Date,Time,전압,전류,진공도,높이,datetime,is_working,work_group,work_id,original_file,elapsed_time,높이변화,누적하강,하강속도,하강속도_원본,높이변화량
25/07/16,11:49:41,31,7992,0.014,222,2025-07-16 11:49:41,True,3,SA00000_20250716_W002,SA00000_20250716.csv,0,,0,0.011111111111111112,0.0111111111111111,
25/07/16,11:49:42,31,7996,0.015,222,2025-07-16 11:49:42,True,3,SA00000_20250716_W002,SA00000_20250716.csv,1,0.0,0,0.011111111111111112,0.0111111111111111,0.0
25/07/16,11:49:43,30,7396,0.015,222,2025-07-16 11:49:43,True,3,SA00000_20250716_W002,SA00000_20250716.csv,2,0.0,0,0.011111111111111112,0.0111111111111111,0.0
25/07/16,11:49:44,31,7790,0.016,222,2025-07-16 11:49:44,True,3,SA00000_20250716_W002,SA00000_20250716.csv,3,0.0,0,0.011111111111111112,0.0111111111111111,0.0
25/07/16,11:49:45,32,8272,0.016,222,2025-07-16 11:49:45,True,3,SA00000_20250716_W002,SA00000_20250716.csv,4,0.0,0,0.011111111111111112,0.0111111111111111,0.0
25/07/16,11:49:46,33,8902,0.017,222,2025-07-16 11:49:46,True,3,SA00000_20250716_W002,SA00000_20250716.csv,5,0.0,0,0.011111111111111112,0.0111111111111111,0.0
25/07/16,11:49:47,33,8978,0.018,222,2025-07-16 11:49:47,True,3,SA00000_20250716_W002,SA00000_20250716.csv,6,0.0,0,0.011111111111111112,0.0111111111111111,0.0
25/07/16,11:49:48,33,8902,0.019,222,2025-07-16 11:49:48,True,3,SA00000_20250716_W002,SA00000_20250716.csv,7,0.0,0,0.011111111111111112,0.0111111111111111,0.0
25/07/16,11:49:49,33,9546,0.019,222,2025-07-16 11:49:49,True,3,SA00000_20250716_W002,SA00000_20250716.csv,8,0.0,0,0.011111111111111112,0.0111111111111111,0.0
25/07/16,11:49:50,33,9754,0.02,222,2025-07-16 11:49:50,True,3,SA00000_20250716_W002,SA00000_20250716.csv,9,0.0,0,0.011111111111111112,0.0111111111111111,0.0
25/07/16,11:49:51,34,10802,0.021,222,2025-07-16 11:49:51,True,3,SA00000_20250716_W002,SA00000_20250716.csv,10,0.0,0,0.011111111111111112,0.0111111111111111,0.0
25/07/16,11:49:52,34,10528,0.022,222,2025-07-16 11:49:52,True,3,SA00000_20250716_W002,SA00000_20250716.csv,11,0.0,0,0.011111111111111112,0.0111111111111111,0.0
25/07/16,11:49:53,34,11260,0.023,222,2025-07-16 11:49:53,True,3,SA00000_20250716_W002,SA00000_20250716.csv,12,0.0,0,0.011111111111111112,0.0111111111111111,0.0
25/07/16,11:49:54,33,9958,0.024,222,2025-07-16 11:49:54,True,3,SA00000_20250716_W002,SA00000_20250716.csv,13,0.0,0,0.011111111111111112,0.0111111111111111,0.0
25/07/16,11:49:55,34,10500,0.025,222,2025-07-16 11:49:55,True,3,SA00000_20250716_W002,SA00000_20250716.csv,14,0.0,0,0.011111111111111112,0.0111111111111111,0.0
25/07/16,11:49:56,34,11750,0.027,222,2025-07-16 11:49:56,True,3,SA00000_20250716_W002,SA00000_20250716.csv,15,0.0,0,0.011111111111111112,0.0111111111111111,0.0
25/07/16,11:49:57,34,10450,0.028,222,2025-07-16 11:49:57,True,3,SA00000_20250716_W002,SA00000_20250716.csv,16,0.0,0,0.011111111111111112,0.0111111111111111,0.0
25/07/16,11:49:58,34,10430,0.03,222,2025-07-16 11:49:58,True,3,SA00000_20250716_W002,SA00000_20250716.csv,17,0.0,0,0.011111111111111112,0.0111111111111111,0.0
25/07/16,11:49:59,35,10966,0.032,222,2025-07-16 11:49:59,True,3,SA00000_20250716_W002,SA00000_20250716.csv,18,0.0,0,0.011111111111111112,0.0111111111111111,0.0
25/07/16,11:50:00,35,11102,0.034,222,2025-07-16 11:50:00,True,3,SA00000_20250716_W002,SA00000_20250716.csv,19,0.0,0,0.011111111111111112,0.0111111111111111,0.0
25/07/16,11:50:01,35,11756,0.036,222,2025-07-16 11:50:01,True,3,SA00000_20250716_W002,SA00000_20250716.csv,20,0.0,0,0.011111111111111112,0.0111111111111111,0.0
25/07/16,11:50:02,36,12638,0.038,222,2025-07-16 11:50:02,True,3,SA00000_20250716_W002,SA00000_20250716.csv,21,0.0,0,0.011111111111111112,0.0111111111111111,0.0
25/07/16,11:50:03,35,12306,0.04,222,2025-07-16 11:50:03,True,3,SA00000_20250716_W002,SA00000_20250716.csv,22,0.0,0,0.011111111111111112,0.0111111111111111,0.0
25/07/16,11:50:04,36,12800,0.042,222,2025-07-16 11:50:04,True,3,SA00000_20250716_W002,SA00000_20250716.csv,23,0.0,0,0.011111111111111112,0.0111111111111111,0.0
25/07/16,11:50:05,36,12662,0.043,222,2025-07-16 11:50:05,True,3,SA00000_20250716_W002,SA00000_20250716.csv,24,0.0,0,0.011111111111111112,0.0111111111111111,0.0
25/07/16,11:50:06,36,12916,0.045,222,2025-07-16 11:50:06,True,3,SA00000_20250716_W002,SA00000_20250716.csv,25,0.0,0,0.011111111111111112,0.0111111111111111,0.0
25/07/16,11:50:07,36,12672,0.046,222,2025-07-16 11:50:07,True,3,SA00000_20250716_W002,SA00000_20250716.csv,26,0.0,0,0.011111111111111112,0.0111111111111111,0.0
25/07/16,11:50:08,36,13238,0.048,222,2025-07-16 11:50:08,True,3,SA00000_20250716_W002,SA00000_20250716.csv,27,0.0,0,0.011111111111111112,0.0111111111111111,0.0
25/07/16,11:50:09,36,13346,0.049,222,2025-07-16 11:50:09,True,3,SA00000_20250716_W002,SA00000_20250716.csv,28,0.0,0,0.011111111111111112,0.0111111111111111,0.0
25/07/16,11:50:10,36,13274,0.05,222,2025-07-16 11:50:10,True,3,SA00000_20250716_W002,SA00000_20250716.csv,29,0.0,0,0.011111111111111112,0.0111111111111111,0.0
25/07/16,11:50:11,36,12982,0.051,222,2025-07-16 11:50:11,True,3,SA00000_20250716_W002,SA00000_20250716.csv,30,0.0,0,0.011111111111111112,0.0111111111111111,0.0
25/07/16,11:50:12,36,12452,0.052,222,2025-07-16 11:50:12,True,3,SA00000_20250716_W002,SA00000_20250716.csv,31,0.0,0,0.011111111111111112,0.0111111111111111,0.0
25/07/16,11:50:13,36,13224,0.053,222,2025-07-16 11:50:13,True,3,SA00000_20250716_W002,SA00000_20250716.csv,32,0.0,0,0.011111111111111112,0.0111111111111111,0.0
25/07/16,11:50:14,36,13206,0.053,222,2025-07-16 11:50:14,True,3,SA00000_20250716_W002,SA00000_20250716.csv,33,0.0,0,0.011111111111111112,0.0111111111111111,0.0
25/07/16,11:50:15,36,12702,0.054,222,2025-07-16 11:50:15,True,3,SA00000_20250716_W002,SA00000_20250716.csv,34,0.0,0,0.011111111111111112,0.0111111111111111,0.0
25/07/16,11:50:16,36,12988,0.055,222,2025-07-16 11:50:16,True,3,SA00000_20250716_W002,SA00000_20250716.csv,35,0.0,0,0.011111111111111112,0.0111111111111111,0.0
25/07/16,11:50:17,36,13032,0.055,222,2025-07-16 11:50:17,True,3,SA00000_20250716_W002,SA00000_20250716.csv,36,0.0,0,0.011111111111111112,0.0111111111111111,0.0
25/07/16,11:50:18,36,12818,0.056,222,2025-07-16 11:50:18,True,3,SA00000_20250716_W002,SA00000_20250716.csv,37,0.0,0,0.011111111111111112,0.0111111111111111,0.0
25/07/16,11:50:19,36,12798,0.056,222,2025-07-16 11:50:19,True,3,SA00000_20250716_W002,SA00000_20250716.csv,38,0.0,0,0.011111111111111112,0.0111111111111111,0.0
25/07/16,11:50:20,36,12700,0.056,222,2025-07-16 11:50:20,True,3,SA00000_20250716_W002,SA00000_20250716.csv,39,0.0,0,0.011111111111111112,0.0111111111111111,0.0
25/07/16,11:50:21,36,12666,0.056,222,2025-07-16 11:50:21,True,3,SA00000_20250716_W002,SA00000_20250716.csv,40,0.0,0,0.011111111111111112,0.0111111111111111,0.0
25/07/16,11:50:22,37,12926,0.057,222,2025-07-16 11:50:22,True,3,SA00000_20250716_W002,SA00000_20250716.csv,41,0.0,0,0.011111111111111112,0.0111111111111111,0.0
25/07/16,11:50:23,37,13230,0.057,222,2025-07-16 11:50:23,True,3,SA00000_20250716_W002,SA00000_20250716.csv,42,0.0,0,0.011111111111111112,0.0111111111111111,0.0
25/07/16,11:50:24,36,12908,0.057,222,2025-07-16 11:50:24,True,3,SA00000_20250716_W002,SA00000_20250716.csv,43,0.0,0,0.011111111111111112,0.0111111111111111,0.0
25/07/16,11:50:25,37,12206,0.058,222,2025-07-16 11:50:25,True,3,SA00000_20250716_W002,SA00000_20250716.csv,44,0.0,0,0.011111111111111112,0.0111111111111111,0.0
25/07/16,11:50:26,36,12826,0.058,222,2025-07-16 11:50:26,True,3,SA00000_20250716_W002,SA00000_20250716.csv,45,0.0,0,0.011111111111111112,0.0111111111111111,0.0
25/07/16,11:50:27,37,12696,0.058,222,2025-07-16 11:50:27,True,3,SA00000_20250716_W002,SA00000_20250716.csv,46,0.0,0,0.011111111111111112,0.0111111111111111,0.0
25/07/16,11:50:28,36,12470,0.058,222,2025-07-16 11:50:28,True,3,SA00000_20250716_W002,SA00000_20250716.csv,47,0.0,0,0.011111111111111112,0.0111111111111111,0.0
25/07/16,11:50:29,37,13152,0.059,222,2025-07-16 11:50:29,True,3,SA00000_20250716_W002,SA00000_20250716.csv,48,0.0,0,0.011111111111111112,0.0111111111111111,0.0
25/07/16,11:50:30,37,12492,0.059,222,2025-07-16 11:50:30,True,3,SA00000_20250716_W002,SA00000_20250716.csv,49,0.0,0,0.011111111111111112,0.0111111111111111,0.0
25/07/16,11:50:31,37,12568,0.059,222,2025-07-16 11:50:31,True,3,SA00000_20250716_W002,SA00000_20250716.csv,50,0.0,0,0.011111111111111112,0.0111111111111111,0.0
25/07/16,11:50:32,37,13276,0.059,222,2025-07-16 11:50:32,True,3,SA00000_20250716_W002,SA00000_20250716.csv,51,0.0,0,0.011111111111111112,0.0111111111111111,0.0
25/07/16,11:50:33,37,13170,0.059,222,2025-07-16 11:50:33,True,3,SA00000_20250716_W002,SA00000_20250716.csv,52,0.0,0,0.011111111111111112,0.0111111111111111,0.0
25/07/16,11:50:34,37,13428,0.059,222,2025-07-16 11:50:34,True,3,SA00000_20250716_W002,SA00000_20250716.csv,53,0.0,0,0.011111111111111112,0.0111111111111111,0.0
25/07/16,11:50:35,37,12856,0.059,222,2025-07-16 11:50:35,True,3,SA00000_20250716_W002,SA00000_20250716.csv,54,0.0,0,0.011111111111111112,0.0111111111111111,0.0
25/07/16,11:50:36,36,12464,0.059,222,2025-07-16 11:50:36,True,3,SA00000_20250716_W002,SA00000_20250716.csv,55,0.0,0,0.011111111111111112,0.0111111111111111,0.0
25/07/16,11:50:37,36,12744,0.059,222,2025-07-16 11:50:37,True,3,SA00000_20250716_W002,SA00000_20250716.csv,56,0.0,0,0.011111111111111112,0.0111111111111111,0.0
25/07/16,11:50:38,37,13020,0.059,222,2025-07-16 11:50:38,True,3,SA00000_20250716_W002,SA00000_20250716.csv,57,0.0,0,0.011111111111111112,0.0111111111111111,0.0
25/07/16,11:50:39,37,13146,0.059,222,2025-07-16 11:50:39,True,3,SA00000_20250716_W002,SA00000_20250716.csv,58,0.0,0,0.011111111111111112,0.0111111111111111,0.0
25/07/16,11:50:40,37,12826,0.059,222,2025-07-16 11:50:40,True,3,SA00000_20250716_W002,SA00000_20250716.csv,59,0.0,0,0.011111111111111112,0.0111111111111111,0.0
25/07/16,11:50:41,37,12536,0.059,222,2025-07-16 11:50:41,True,3,SA00000_20250716_W002,SA00000_20250716.csv,60,0.0,0,0.011111111111111112,0.0111111111111111,0.0
25/07/16,11:50:42,37,13032,0.059,222,2025-07-16 11:50:42,True,3,SA00000_20250716_W002,SA00000_20250716.csv,61,0.0,0,0.011111111111111112,0.0111111111111111,0.0
25/07/16,11:50:43,37,12906,0.059,222,2025-07-16 11:50:43,True,3,SA00000_20250716_W002,SA00000_20250716.csv,62,0.0,0,0.011111111111111112,0.0111111111111111,0.0
25/07/16,11:50:44,37,13030,0.059,222,2025-07-16 11:50:44,True,3,SA00000_20250716_W002,SA00000_20250716.csv,63,0.0,0,0.011111111111111112,0.0111111111111111,0.0
25/07/16,11:50:45,37,12912,0.059,222,2025-07-16 11:50:45,True,3,SA00000_20250716_W002,SA00000_20250716.csv,64,0.0,0,0.011111111111111112,0.0111111111111111,0.0
25/07/16,11:50:46,37,12934,0.059,222,2025-07-16 11:50:46,True,3,SA00000_20250716_W002,SA00000_20250716.csv,65,0.0,0,0.011111111111111112,0.0111111111111111,0.0
25/07/16,11:50:47,38,12898,0.059,222,2025-07-16 11:50:47,True,3,SA00000_20250716_W002,SA00000_20250716.csv,66,0.0,0,0.011111111111111112,0.0111111111111111,0.0
25/07/16,11:50:48,38,12832,0.059,222,2025-07-16 11:50:48,True,3,SA00000_20250716_W002,SA00000_20250716.csv,67,0.0,0,0.011111111111111112,0.0111111111111111,0.0
25/07/16,11:50:49,38,12942,0.059,222,2025-07-16 11:50:49,True,3,SA00000_20250716_W002,SA00000_20250716.csv,68,0.0,0,0.011111111111111112,0.0111111111111111,0.0
25/07/16,11:50:50,38,12982,0.059,222,2025-07-16 11:50:50,True,3,SA00000_20250716_W002,SA00000_20250716.csv,69,0.0,0,0.011111111111111112,0.0111111111111111,0.0
25/07/16,11:50:51,38,12840,0.058,222,2025-07-16 11:50:51,True,3,SA00000_20250716_W002,SA00000_20250716.csv,70,0.0,0,0.011111111111111112,0.0111111111111111,0.0
25/07/16,11:50:52,38,12802,0.058,222,2025-07-16 11:50:52,True,3,SA00000_20250716_W002,SA00000_20250716.csv,71,0.0,0,0.011111111111111112,0.0111111111111111,0.0
25/07/16,11:50:53,38,13006,0.058,222,2025-07-16 11:50:53,True,3,SA00000_20250716_W002,SA00000_20250716.csv,72,0.0,0,0.011111111111111112,0.0111111111111111,0.0
25/07/16,11:50:54,38,12696,0.058,222,2025-07-16 11:50:54,True,3,SA00000_20250716_W002,SA00000_20250716.csv,73,0.0,0,0.011111111111111112,0.0111111111111111,0.0
25/07/16,11:50:55,38,12842,0.057,222,2025-07-16 11:50:55,True,3,SA00000_20250716_W002,SA00000_20250716.csv,74,0.0,0,0.011111111111111112,0.0111111111111111,0.0
25/07/16,11:50:56,38,12988,0.057,222,2025-07-16 11:50:56,True,3,SA00000_20250716_W002,SA00000_20250716.csv,75,0.0,0,0.011111111111111112,0.0111111111111111,0.0
25/07/16,11:50:57,38,12988,0.057,222,2025-07-16 11:50:57,True,3,SA00000_20250716_W002,SA00000_20250716.csv,76,0.0,0,0.011111111111111112,0.0111111111111111,0.0
25/07/16,11:50:58,38,12834,0.057,222,2025-07-16 11:50:58,True,3,SA00000_20250716_W002,SA00000_20250716.csv,77,0.0,0,0.011111111111111112,0.0111111111111111,0.0
25/07/16,11:50:59,38,12940,0.057,222,2025-07-16 11:50:59,True,3,SA00000_20250716_W002,SA00000_20250716.csv,78,0.0,0,0.011111111111111112,0.0111111111111111,0.0
25/07/16,11:51:00,38,12922,0.057,222,2025-07-16 11:51:00,True,3,SA00000_20250716_W002,SA00000_20250716.csv,79,0.0,0,0.011111111111111112,0.0111111111111111,0.0
25/07/16,11:51:01,38,12872,0.056,222,2025-07-16 11:51:01,True,3,SA00000_20250716_W002,SA00000_20250716.csv,80,0.0,0,0.011111111111111112,0.0111111111111111,0.0
25/07/16,11:51:02,38,12944,0.056,222,2025-07-16 11:51:02,True,3,SA00000_20250716_W002,SA00000_20250716.csv,81,0.0,0,0.011111111111111112,0.0111111111111111,0.0
25/07/16,11:51:03,38,13000,0.056,222,2025-07-16 11:51:03,True,3,SA00000_20250716_W002,SA00000_20250716.csv,82,0.0,0,0.011111111111111112,0.0111111111111111,0.0
25/07/16,11:51:04,38,13032,0.056,222,2025-07-16 11:51:04,True,3,SA00000_20250716_W002,SA00000_20250716.csv,83,0.0,0,0.011111111111111112,0.0111111111111111,0.0
25/07/16,11:51:05,38,12832,0.056,222,2025-07-16 11:51:05,True,3,SA00000_20250716_W002,SA00000_20250716.csv,84,0.0,0,0.011111111111111112,0.0111111111111111,0.0
25/07/16,11:51:06,38,12756,0.056,222,2025-07-16 11:51:06,True,3,SA00000_20250716_W002,SA00000_20250716.csv,85,0.0,0,0.011111111111111112,0.0111111111111111,0.0
25/07/16,11:51:07,38,12790,0.056,222,2025-07-16 11:51:07,True,3,SA00000_20250716_W002,SA00000_20250716.csv,86,0.0,0,0.011111111111111112,0.0111111111111111,0.0
25/07/16,11:51:08,38,12824,0.056,222,2025-07-16 11:51:08,True,3,SA00000_20250716_W002,SA00000_20250716.csv,87,0.0,0,0.011111111111111112,0.0111111111111111,0.0
25/07/16,11:51:09,38,12858,0.056,222,2025-07-16 11:51:09,True,3,SA00000_20250716_W002,SA00000_20250716.csv,88,0.0,0,0.011111111111111112,0.0111111111111111,0.0
25/07/16,11:51:10,38,12772,0.055,222,2025-07-16 11:51:10,True,3,SA00000_20250716_W002,SA00000_20250716.csv,89,0.0,0,0.011111111111111112,0.0111111111111111,0.0
25/07/16,11:51:11,38,12880,0.055,223,2025-07-16 11:51:11,True,3,SA00000_20250716_W002,SA00000_20250716.csv,90,1.0,-1,0.3333333333333333,0.3333333333333333,1.0
25/07/16,11:51:12,38,13096,0.055,223,2025-07-16 11:51:12,True,3,SA00000_20250716_W002,SA00000_20250716.csv,91,0.0,-1,0.3333333333333333,0.3333333333333333,0.0
25/07/16,11:51:13,38,12802,0.055,223,2025-07-16 11:51:13,True,3,SA00000_20250716_W002,SA00000_20250716.csv,92,0.0,-1,0.3333333333333333,0.3333333333333333,0.0
25/07/16,11:51:14,38,12964,0.054,224,2025-07-16 11:51:14,True,3,SA00000_20250716_W002,SA00000_20250716.csv,93,1.0,-2,0.25,0.25,1.0
25/07/16,11:51:15,38,12866,0.054,224,2025-07-16 11:51:15,True,3,SA00000_20250716_W002,SA00000_20250716.csv,94,0.0,-2,0.25,0.25,0.0
25/07/16,11:51:16,38,12858,0.054,224,2025-07-16 11:51:16,True,3,SA00000_20250716_W002,SA00000_20250716.csv,95,0.0,-2,0.25,0.25,0.0
25/07/16,11:51:17,38,12800,0.053,224,2025-07-16 11:51:17,True,3,SA00000_20250716_W002,SA00000_20250716.csv,96,0.0,-2,0.25,0.25,0.0
25/07/16,11:51:18,38,12862,0.053,225,2025-07-16 11:51:18,True,3,SA00000_20250716_W002,SA00000_20250716.csv,97,1.0,-3,0.3333333333333333,0.3333333333333333,1.0
25/07/16,11:51:19,38,12754,0.053,225,2025-07-16 11:51:19,True,3,SA00000_20250716_W002,SA00000_20250716.csv,98,0.0,-3,0.3333333333333333,0.3333333333333333,0.0
25/07/16,11:51:20,38,12702,0.053,225,2025-07-16 11:51:20,True,3,SA00000_20250716_W002,SA00000_20250716.csv,99,0.0,-3,0.3333333333333333,0.3333333333333333,0.0
25/07/16,11:51:21,38,12776,0.052,226,2025-07-16 11:51:21,True,3,SA00000_20250716_W002,SA00000_20250716.csv,100,1.0,-4,0.5,0.5,1.0
25/07/16,11:51:22,38,12900,0.052,226,2025-07-16 11:51:22,True,3,SA00000_20250716_W002,SA00000_20250716.csv,101,0.0,-4,0.5,0.5,0.0
25/07/16,11:51:23,38,12992,0.052,227,2025-07-16 11:51:23,True,3,SA00000_20250716_W002,SA00000_20250716.csv,102,1.0,-5,0.3333333333333333,0.3333333333333333,1.0
25/07/16,11:51:24,38,12792,0.051,227,2025-07-16 11:51:24,True,3,SA00000_20250716_W002,SA00000_20250716.csv,103,0.0,-5,0.3333333333333333,0.3333333333333333,0.0
25/07/16,11:51:25,38,12816,0.051,227,2025-07-16 11:51:25,True,3,SA00000_20250716_W002,SA00000_20250716.csv,104,0.0,-5,0.3333333333333333,0.3333333333333333,0.0
25/07/16,11:51:26,38,12994,0.05,228,2025-07-16 11:51:26,True,3,SA00000_20250716_W002,SA00000_20250716.csv,105,1.0,-6,0.3333333333333333,0.3333333333333333,1.0
25/07/16,11:51:27,38,12966,0.05,228,2025-07-16 11:51:27,True,3,SA00000_20250716_W002,SA00000_20250716.csv,106,0.0,-6,0.3333333333333333,0.3333333333333333,0.0
25/07/16,11:51:28,38,13066,0.05,228,2025-07-16 11:51:28,True,3,SA00000_20250716_W002,SA00000_20250716.csv,107,0.0,-6,0.3333333333333333,0.3333333333333333,0.0
25/07/16,11:51:29,38,12846,0.05,229,2025-07-16 11:51:29,True,3,SA00000_20250716_W002,SA00000_20250716.csv,108,1.0,-7,0.25,0.25,1.0
25/07/16,11:51:30,38,12868,0.048,229,2025-07-16 11:51:30,True,3,SA00000_20250716_W002,SA00000_20250716.csv,109,0.0,-7,0.25,0.25,0.0
25/07/16,11:51:31,38,12946,0.049,229,2025-07-16 11:51:31,True,3,SA00000_20250716_W002,SA00000_20250716.csv,110,0.0,-7,0.25,0.25,0.0
25/07/16,11:51:32,38,12840,0.049,229,2025-07-16 11:51:32,True,3,SA00000_20250716_W002,SA00000_20250716.csv,111,0.0,-7,0.25,0.25,0.0
25/07/16,11:51:33,38,12880,0.049,230,2025-07-16 11:51:33,True,3,SA00000_20250716_W002,SA00000_20250716.csv,112,1.0,-8,0.3333333333333333,0.3333333333333333,1.0
25/07/16,11:51:34,38,12940,0.048,230,2025-07-16 11:51:34,True,3,SA00000_20250716_W002,SA00000_20250716.csv,113,0.0,-8,0.3333333333333333,0.3333333333333333,0.0
25/07/16,11:51:35,38,13202,0.048,230,2025-07-16 11:51:35,True,3,SA00000_20250716_W002,SA00000_20250716.csv,114,0.0,-8,0.3333333333333333,0.3333333333333333,0.0
25/07/16,11:51:36,38,12908,0.048,231,2025-07-16 11:51:36,True,3,SA00000_20250716_W002,SA00000_20250716.csv,115,1.0,-9,0.5,0.5,1.0
25/07/16,11:51:37,38,12950,0.048,231,2025-07-16 11:51:37,True,3,SA00000_20250716_W002,SA00000_20250716.csv,116,0.0,-9,0.5,0.5,0.0
25/07/16,11:51:38,38,12966,0.048,232,2025-07-16 11:51:38,True,3,SA00000_20250716_W002,SA00000_20250716.csv,117,1.0,-10,0.3333333333333333,0.3333333333333333,1.0
25/07/16,11:51:39,38,12972,0.047,232,2025-07-16 11:51:39,True,3,SA00000_20250716_W002,SA00000_20250716.csv,118,0.0,-10,0.3333333333333333,0.3333333333333333,0.0
25/07/16,11:51:40,38,12858,0.047,232,2025-07-16 11:51:40,True,3,SA00000_20250716_W002,SA00000_20250716.csv,119,0.0,-10,0.3333333333333333,0.3333333333333333,0.0
25/07/16,11:51:41,38,12832,0.047,233,2025-07-16 11:51:41,True,3,SA00000_20250716_W002,SA00000_20250716.csv,120,1.0,-11,0.3333333333333333,0.3333333333333333,1.0
25/07/16,11:51:42,38,12788,0.047,233,2025-07-16 11:51:42,True,3,SA00000_20250716_W002,SA00000_20250716.csv,121,0.0,-11,0.3333333333333333,0.3333333333333333,0.0
25/07/16,11:51:43,39,12836,0.047,233,2025-07-16 11:51:43,True,3,SA00000_20250716_W002,SA00000_20250716.csv,122,0.0,-11,0.3333333333333333,0.3333333333333333,0.0
25/07/16,11:51:44,38,13000,0.047,234,2025-07-16 11:51:44,True,3,SA00000_20250716_W002,SA00000_20250716.csv,123,1.0,-12,0.3333333333333333,0.3333333333333333,1.0
25/07/16,11:51:45,38,12986,0.048,234,2025-07-16 11:51:45,True,3,SA00000_20250716_W002,SA00000_20250716.csv,124,0.0,-12,0.3333333333333333,0.3333333333333333,0.0
25/07/16,11:51:46,38,12862,0.048,234,2025-07-16 11:51:46,True,3,SA00000_20250716_W002,SA00000_20250716.csv,125,0.0,-12,0.3333333333333333,0.3333333333333333,0.0
25/07/16,11:51:47,38,12910,0.048,235,2025-07-16 11:51:47,True,3,SA00000_20250716_W002,SA00000_20250716.csv,126,1.0,-13,0.3333333333333333,0.3333333333333333,1.0
25/07/16,11:51:48,38,12870,0.047,235,2025-07-16 11:51:48,True,3,SA00000_20250716_W002,SA00000_20250716.csv,127,0.0,-13,0.3333333333333333,0.3333333333333333,0.0
25/07/16,11:51:49,39,12870,0.049,235,2025-07-16 11:51:49,True,3,SA00000_20250716_W002,SA00000_20250716.csv,128,0.0,-13,0.3333333333333333,0.3333333333333333,0.0
25/07/16,11:51:50,38,12876,0.048,236,2025-07-16 11:51:50,True,3,SA00000_20250716_W002,SA00000_20250716.csv,129,1.0,-14,0.3333333333333333,0.3333333333333333,1.0
25/07/16,11:51:51,39,12816,0.049,236,2025-07-16 11:51:51,True,3,SA00000_20250716_W002,SA00000_20250716.csv,130,0.0,-14,0.3333333333333333,0.3333333333333333,0.0
25/07/16,11:51:52,38,12950,0.05,236,2025-07-16 11:51:52,True,3,SA00000_20250716_W002,SA00000_20250716.csv,131,0.0,-14,0.3333333333333333,0.3333333333333333,0.0
25/07/16,11:51:53,39,12992,0.05,237,2025-07-16 11:51:53,True,3,SA00000_20250716_W002,SA00000_20250716.csv,132,1.0,-15,0.3333333333333333,0.3333333333333333,1.0
25/07/16,11:51:54,38,12914,0.05,237,2025-07-16 11:51:54,True,3,SA00000_20250716_W002,SA00000_20250716.csv,133,0.0,-15,0.3333333333333333,0.3333333333333333,0.0
25/07/16,11:51:55,39,12900,0.051,237,2025-07-16 11:51:55,True,3,SA00000_20250716_W002,SA00000_20250716.csv,134,0.0,-15,0.3333333333333333,0.3333333333333333,0.0
25/07/16,11:51:56,38,12932,0.051,238,2025-07-16 11:51:56,True,3,SA00000_20250716_W002,SA00000_20250716.csv,135,1.0,-16,0.5,0.5,1.0
25/07/16,11:51:57,39,12976,0.051,238,2025-07-16 11:51:57,True,3,SA00000_20250716_W002,SA00000_20250716.csv,136,0.0,-16,0.5,0.5,0.0
25/07/16,11:51:58,38,12782,0.051,239,2025-07-16 11:51:58,True,3,SA00000_20250716_W002,SA00000_20250716.csv,137,1.0,-17,0.5,0.5,1.0
25/07/16,11:51:59,39,12852,0.051,239,2025-07-16 11:51:59,True,3,SA00000_20250716_W002,SA00000_20250716.csv,138,0.0,-17,0.5,0.5,0.0
25/07/16,11:52:00,38,13090,0.051,240,2025-07-16 11:52:00,True,3,SA00000_20250716_W002,SA00000_20250716.csv,139,1.0,-18,0.3333333333333333,0.3333333333333333,1.0
25/07/16,11:52:01,39,12882,0.051,240,2025-07-16 11:52:01,True,3,SA00000_20250716_W002,SA00000_20250716.csv,140,0.0,-18,0.3333333333333333,0.3333333333333333,0.0
25/07/16,11:52:02,39,12942,0.052,240,2025-07-16 11:52:02,True,3,SA00000_20250716_W002,SA00000_20250716.csv,141,0.0,-18,0.3333333333333333,0.3333333333333333,0.0
25/07/16,11:52:03,39,12946,0.052,241,2025-07-16 11:52:03,True,3,SA00000_20250716_W002,SA00000_20250716.csv,142,1.0,-19,0.5,0.5,1.0
25/07/16,11:52:04,39,12956,0.052,241,2025-07-16 11:52:04,True,3,SA00000_20250716_W002,SA00000_20250716.csv,143,0.0,-19,0.5,0.5,0.0
25/07/16,11:52:05,39,12924,0.052,242,2025-07-16 11:52:05,True,3,SA00000_20250716_W002,SA00000_20250716.csv,144,1.0,-20,0.3333333333333333,0.3333333333333333,1.0
25/07/16,11:52:06,39,12934,0.053,242,2025-07-16 11:52:06,True,3,SA00000_20250716_W002,SA00000_20250716.csv,145,0.0,-20,0.3333333333333333,0.3333333333333333,0.0
25/07/16,11:52:07,39,12872,0.046,242,2025-07-16 11:52:07,True,3,SA00000_20250716_W002,SA00000_20250716.csv,146,0.0,-20,0.3333333333333333,0.3333333333333333,0.0
25/07/16,11:52:08,39,12764,0.054,243,2025-07-16 11:52:08,True,3,SA00000_20250716_W002,SA00000_20250716.csv,147,1.0,-21,0.5,0.5,1.0
25/07/16,11:52:09,39,12938,0.054,243,2025-07-16 11:52:09,True,3,SA00000_20250716_W002,SA00000_20250716.csv,148,0.0,-21,0.5,0.5,0.0
25/07/16,11:52:10,39,12956,0.055,244,2025-07-16 11:52:10,True,3,SA00000_20250716_W002,SA00000_20250716.csv,149,1.0,-22,0.5,0.5,1.0
25/07/16,11:52:11,39,12890,0.055,244,2025-07-16 11:52:11,True,3,SA00000_20250716_W002,SA00000_20250716.csv,150,0.0,-22,0.5,0.5,0.0
25/07/16,11:52:12,39,12976,0.055,245,2025-07-16 11:52:12,True,3,SA00000_20250716_W002,SA00000_20250716.csv,151,1.0,-23,0.3333333333333333,0.3333333333333333,1.0
25/07/16,11:52:13,39,12870,0.056,245,2025-07-16 11:52:13,True,3,SA00000_20250716_W002,SA00000_20250716.csv,152,0.0,-23,0.3333333333333333,0.3333333333333333,0.0
25/07/16,11:52:14,39,12832,0.056,245,2025-07-16 11:52:14,True,3,SA00000_20250716_W002,SA00000_20250716.csv,153,0.0,-23,0.3333333333333333,0.3333333333333333,0.0
25/07/16,11:52:15,39,12944,0.056,246,2025-07-16 11:52:15,True,3,SA00000_20250716_W002,SA00000_20250716.csv,154,1.0,-24,0.5,0.5,1.0
25/07/16,11:52:16,39,12934,0.056,246,2025-07-16 11:52:16,True,3,SA00000_20250716_W002,SA00000_20250716.csv,155,0.0,-24,0.5,0.5,0.0
25/07/16,11:52:17,39,13000,0.056,247,2025-07-16 11:52:17,True,3,SA00000_20250716_W002,SA00000_20250716.csv,156,1.0,-25,0.3333333333333333,0.3333333333333333,1.0
25/07/16,11:52:18,39,12912,0.057,247,2025-07-16 11:52:18,True,3,SA00000_20250716_W002,SA00000_20250716.csv,157,0.0,-25,0.3333333333333333,0.3333333333333333,0.0
25/07/16,11:52:19,39,13000,0.057,247,2025-07-16 11:52:19,True,3,SA00000_20250716_W002,SA00000_20250716.csv,158,0.0,-25,0.3333333333333333,0.3333333333333333,0.0
25/07/16,11:52:20,39,13016,0.058,248,2025-07-16 11:52:20,True,3,SA00000_20250716_W002,SA00000_20250716.csv,159,1.0,-26,0.5,0.5,1.0
25/07/16,11:52:21,39,12792,0.051,248,2025-07-16 11:52:21,True,3,SA00000_20250716_W002,SA00000_20250716.csv,160,0.0,-26,0.5,0.5,0.0
25/07/16,11:52:22,39,12900,0.059,249,2025-07-16 11:52:22,True,3,SA00000_20250716_W002,SA00000_20250716.csv,161,1.0,-27,1.0,1.0,1.0
25/07/16,11:52:23,39,12938,0.059,250,2025-07-16 11:52:23,True,3,SA00000_20250716_W002,SA00000_20250716.csv,162,1.0,-28,0.5,0.5,1.0
25/07/16,11:52:24,39,13020,0.06,250,2025-07-16 11:52:24,True,3,SA00000_20250716_W002,SA00000_20250716.csv,163,0.0,-28,0.5,0.5,0.0
25/07/16,11:52:25,39,13060,0.06,251,2025-07-16 11:52:25,True,3,SA00000_20250716_W002,SA00000_20250716.csv,164,1.0,-29,0.5,0.5,1.0
25/07/16,11:52:26,39,12838,0.06,251,2025-07-16 11:52:26,True,3,SA00000_20250716_W002,SA00000_20250716.csv,165,0.0,-29,0.5,0.5,0.0
25/07/16,11:52:27,39,12922,0.061,252,2025-07-16 11:52:27,True,3,SA00000_20250716_W002,SA00000_20250716.csv,166,1.0,-30,1.0,1.0,1.0
25/07/16,11:52:28,39,12988,0.061,253,2025-07-16 11:52:28,True,3,SA00000_20250716_W002,SA00000_20250716.csv,167,1.0,-31,0.5,0.5,1.0
25/07/16,11:52:29,39,12988,0.062,253,2025-07-16 11:52:29,True,3,SA00000_20250716_W002,SA00000_20250716.csv,168,0.0,-31,0.5,0.5,0.0
25/07/16,11:52:30,39,13068,0.062,254,2025-07-16 11:52:30,True,3,SA00000_20250716_W002,SA00000_20250716.csv,169,1.0,-32,1.0,1.0,1.0
25/07/16,11:52:31,39,12790,0.063,255,2025-07-16 11:52:31,True,3,SA00000_20250716_W002,SA00000_20250716.csv,170,1.0,-33,1.0,1.0,1.0
25/07/16,11:52:32,39,13096,0.063,256,2025-07-16 11:52:32,True,3,SA00000_20250716_W002,SA00000_20250716.csv,171,1.0,-34,0.5,0.5,1.0
25/07/16,11:52:33,39,12796,0.064,256,2025-07-16 11:52:33,True,3,SA00000_20250716_W002,SA00000_20250716.csv,172,0.0,-34,0.5,0.5,0.0
25/07/16,11:52:34,39,12926,0.064,257,2025-07-16 11:52:34,True,3,SA00000_20250716_W002,SA00000_20250716.csv,173,1.0,-35,0.5,0.5,1.0
25/07/16,11:52:35,39,12816,0.065,257,2025-07-16 11:52:35,True,3,SA00000_20250716_W002,SA00000_20250716.csv,174,0.0,-35,0.5,0.5,0.0
25/07/16,11:52:36,39,12960,0.065,258,2025-07-16 11:52:36,True,3,SA00000_20250716_W002,SA00000_20250716.csv,175,1.0,-36,0.5,0.5,1.0
25/07/16,11:52:37,39,12906,0.065,258,2025-07-16 11:52:37,True,3,SA00000_20250716_W002,SA00000_20250716.csv,176,0.0,-36,0.5,0.5,0.0
25/07/16,11:52:38,39,12868,0.066,259,2025-07-16 11:52:38,True,3,SA00000_20250716_W002,SA00000_20250716.csv,177,1.0,-37,1.0,1.0,1.0
25/07/16,11:52:39,38,12900,0.066,260,2025-07-16 11:52:39,True,3,SA00000_20250716_W002,SA00000_20250716.csv,178,1.0,-38,0.5,0.5,1.0
25/07/16,11:52:40,38,12876,0.055,260,2025-07-16 11:52:40,True,3,SA00000_20250716_W002,SA00000_20250716.csv,179,0.0,-38,0.5,0.5,0.0
25/07/16,11:52:41,38,13128,0.067,261,2025-07-16 11:52:41,True,3,SA00000_20250716_W002,SA00000_20250716.csv,180,1.0,-39,0.5,0.5,1.0
25/07/16,11:52:42,39,12830,0.067,261,2025-07-16 11:52:42,True,3,SA00000_20250716_W002,SA00000_20250716.csv,181,0.0,-39,0.5,0.5,0.0
25/07/16,11:52:43,39,12872,0.067,262,2025-07-16 11:52:43,True,3,SA00000_20250716_W002,SA00000_20250716.csv,182,1.0,-40,1.0,1.0,1.0
25/07/16,11:52:44,39,13012,0.066,263,2025-07-16 11:52:44,True,3,SA00000_20250716_W002,SA00000_20250716.csv,183,1.0,-41,0.5,0.5,1.0
25/07/16,11:52:45,39,12926,0.069,263,2025-07-16 11:52:45,True,3,SA00000_20250716_W002,SA00000_20250716.csv,184,0.0,-41,0.5,0.5,0.0
25/07/16,11:52:46,38,13146,0.069,264,2025-07-16 11:52:46,True,3,SA00000_20250716_W002,SA00000_20250716.csv,185,1.0,-42,0.5,0.5,1.0
25/07/16,11:52:47,39,12962,0.069,264,2025-07-16 11:52:47,True,3,SA00000_20250716_W002,SA00000_20250716.csv,186,0.0,-42,0.5,0.5,0.0
25/07/16,11:52:48,39,12780,0.069,265,2025-07-16 11:52:48,True,3,SA00000_20250716_W002,SA00000_20250716.csv,187,1.0,-43,1.0,1.0,1.0
25/07/16,11:52:49,38,12918,0.069,266,2025-07-16 11:52:49,True,3,SA00000_20250716_W002,SA00000_20250716.csv,188,1.0,-44,0.5,0.5,1.0
25/07/16,11:52:50,39,12898,0.064,266,2025-07-16 11:52:50,True,3,SA00000_20250716_W002,SA00000_20250716.csv,189,0.0,-44,0.5,0.5,0.0
25/07/16,11:52:51,38,12862,0.07,267,2025-07-16 11:52:51,True,3,SA00000_20250716_W002,SA00000_20250716.csv,190,1.0,-45,0.5,0.5,1.0
25/07/16,11:52:52,38,13006,0.072,267,2025-07-16 11:52:52,True,3,SA00000_20250716_W002,SA00000_20250716.csv,191,0.0,-45,0.5,0.5,0.0
25/07/16,11:52:53,38,13000,0.071,268,2025-07-16 11:52:53,True,3,SA00000_20250716_W002,SA00000_20250716.csv,192,1.0,-46,0.5,0.5,1.0
25/07/16,11:52:54,38,12958,0.071,268,2025-07-16 11:52:54,True,3,SA00000_20250716_W002,SA00000_20250716.csv,193,0.0,-46,0.5,0.5,0.0
25/07/16,11:52:55,38,13040,0.071,269,2025-07-16 11:52:55,True,3,SA00000_20250716_W002,SA00000_20250716.csv,194,1.0,-47,1.0,1.0,1.0
25/07/16,11:52:56,39,12818,0.072,270,2025-07-16 11:52:56,True,3,SA00000_20250716_W002,SA00000_20250716.csv,195,1.0,-48,0.5,0.5,1.0
25/07/16,11:52:57,39,12812,0.073,270,2025-07-16 11:52:57,True,3,SA00000_20250716_W002,SA00000_20250716.csv,196,0.0,-48,0.5,0.5,0.0
25/07/16,11:52:58,38,12998,0.072,271,2025-07-16 11:52:58,True,3,SA00000_20250716_W002,SA00000_20250716.csv,197,1.0,-49,0.5,0.5,1.0
25/07/16,11:52:59,38,12848,0.073,271,2025-07-16 11:52:59,True,3,SA00000_20250716_W002,SA00000_20250716.csv,198,0.0,-49,0.5,0.5,0.0
25/07/16,11:53:00,38,12722,0.071,272,2025-07-16 11:53:00,True,3,SA00000_20250716_W002,SA00000_20250716.csv,199,1.0,-50,0.5,0.5,1.0
25/07/16,11:53:01,38,12982,0.07,272,2025-07-16 11:53:01,True,3,SA00000_20250716_W002,SA00000_20250716.csv,200,0.0,-50,0.5,0.5,0.0
25/07/16,11:53:02,38,12910,0.071,273,2025-07-16 11:53:02,True,3,SA00000_20250716_W002,SA00000_20250716.csv,201,1.0,-51,1.0,1.0,1.0
25/07/16,11:53:03,38,12870,0.071,274,2025-07-16 11:53:03,True,3,SA00000_20250716_W002,SA00000_20250716.csv,202,1.0,-52,0.5,0.5,1.0
25/07/16,11:53:04,38,13072,0.07,274,2025-07-16 11:53:04,True,3,SA00000_20250716_W002,SA00000_20250716.csv,203,0.0,-52,0.5,0.5,0.0
25/07/16,11:53:05,38,12848,0.071,275,2025-07-16 11:53:05,True,3,SA00000_20250716_W002,SA00000_20250716.csv,204,1.0,-53,0.3333333333333333,0.3333333333333333,1.0
25/07/16,11:53:06,38,12864,0.07,275,2025-07-16 11:53:06,True,3,SA00000_20250716_W002,SA00000_20250716.csv,205,0.0,-53,0.3333333333333333,0.3333333333333333,0.0
25/07/16,11:53:07,38,12972,0.071,275,2025-07-16 11:53:07,True,3,SA00000_20250716_W002,SA00000_20250716.csv,206,0.0,-53,0.3333333333333333,0.3333333333333333,0.0
25/07/16,11:53:08,38,13024,0.07,276,2025-07-16 11:53:08,True,3,SA00000_20250716_W002,SA00000_20250716.csv,207,1.0,-54,0.3333333333333333,0.3333333333333333,1.0
25/07/16,11:53:09,38,12860,0.071,276,2025-07-16 11:53:09,True,3,SA00000_20250716_W002,SA00000_20250716.csv,208,0.0,-54,0.3333333333333333,0.3333333333333333,0.0
25/07/16,11:53:10,39,12798,0.07,276,2025-07-16 11:53:10,True,3,SA00000_20250716_W002,SA00000_20250716.csv,209,0.0,-54,0.3333333333333333,0.3333333333333333,0.0
25/07/16,11:53:11,38,12896,0.07,277,2025-07-16 11:53:11,True,3,SA00000_20250716_W002,SA00000_20250716.csv,210,1.0,-55,0.3333333333333333,0.3333333333333333,1.0
25/07/16,11:53:12,38,13032,0.071,277,2025-07-16 11:53:12,True,3,SA00000_20250716_W002,SA00000_20250716.csv,211,0.0,-55,0.3333333333333333,0.3333333333333333,0.0
25/07/16,11:53:13,38,12802,0.071,277,2025-07-16 11:53:13,True,3,SA00000_20250716_W002,SA00000_20250716.csv,212,0.0,-55,0.3333333333333333,0.3333333333333333,0.0
25/07/16,11:53:14,38,12896,0.069,278,2025-07-16 11:53:14,True,3,SA00000_20250716_W002,SA00000_20250716.csv,213,1.0,-56,0.3333333333333333,0.3333333333333333,1.0
25/07/16,11:53:15,38,13018,0.07,278,2025-07-16 11:53:15,True,3,SA00000_20250716_W002,SA00000_20250716.csv,214,0.0,-56,0.3333333333333333,0.3333333333333333,0.0
25/07/16,11:53:16,38,12870,0.071,278,2025-07-16 11:53:16,True,3,SA00000_20250716_W002,SA00000_20250716.csv,215,0.0,-56,0.3333333333333333,0.3333333333333333,0.0
25/07/16,11:53:17,38,12780,0.071,279,2025-07-16 11:53:17,True,3,SA00000_20250716_W002,SA00000_20250716.csv,216,1.0,-57,0.5,0.5,1.0
25/07/16,11:53:18,39,12716,0.071,279,2025-07-16 11:53:18,True,3,SA00000_20250716_W002,SA00000_20250716.csv,217,0.0,-57,0.5,0.5,0.0
25/07/16,11:53:19,39,13012,0.071,280,2025-07-16 11:53:19,True,3,SA00000_20250716_W002,SA00000_20250716.csv,218,1.0,-58,0.3333333333333333,0.3333333333333333,1.0
25/07/16,11:53:20,38,13048,0.07,280,2025-07-16 11:53:20,True,3,SA00000_20250716_W002,SA00000_20250716.csv,219,0.0,-58,0.3333333333333333,0.3333333333333333,0.0
25/07/16,11:53:21,39,12998,0.071,280,2025-07-16 11:53:21,True,3,SA00000_20250716_W002,SA00000_20250716.csv,220,0.0,-58,0.3333333333333333,0.3333333333333333,0.0
25/07/16,11:53:22,39,12878,0.067,281,2025-07-16 11:53:22,True,3,SA00000_20250716_W002,SA00000_20250716.csv,221,1.0,-59,0.3333333333333333,0.3333333333333333,1.0
25/07/16,11:53:23,38,12844,0.071,281,2025-07-16 11:53:23,True,3,SA00000_20250716_W002,SA00000_20250716.csv,222,0.0,-59,0.3333333333333333,0.3333333333333333,0.0
25/07/16,11:53:24,38,13052,0.071,281,2025-07-16 11:53:24,True,3,SA00000_20250716_W002,SA00000_20250716.csv,223,0.0,-59,0.3333333333333333,0.3333333333333333,0.0
25/07/16,11:53:25,38,12876,0.071,282,2025-07-16 11:53:25,True,3,SA00000_20250716_W002,SA00000_20250716.csv,224,1.0,-60,0.3333333333333333,0.3333333333333333,1.0
25/07/16,11:53:26,39,12930,0.071,282,2025-07-16 11:53:26,True,3,SA00000_20250716_W002,SA00000_20250716.csv,225,0.0,-60,0.3333333333333333,0.3333333333333333,0.0
25/07/16,11:53:27,39,13022,0.071,282,2025-07-16 11:53:27,True,3,SA00000_20250716_W002,SA00000_20250716.csv,226,0.0,-60,0.3333333333333333,0.3333333333333333,0.0
25/07/16,11:53:28,38,13016,0.071,283,2025-07-16 11:53:28,True,3,SA00000_20250716_W002,SA00000_20250716.csv,227,1.0,-61,0.3333333333333333,0.3333333333333333,1.0
25/07/16,11:53:29,39,12912,0.071,283,2025-07-16 11:53:29,True,3,SA00000_20250716_W002,SA00000_20250716.csv,228,0.0,-61,0.3333333333333333,0.3333333333333333,0.0
25/07/16,11:53:30,39,12820,0.071,283,2025-07-16 11:53:30,True,3,SA00000_20250716_W002,SA00000_20250716.csv,229,0.0,-61,0.3333333333333333,0.3333333333333333,0.0
25/07/16,11:53:31,39,12952,0.06,284,2025-07-16 11:53:31,True,3,SA00000_20250716_W002,SA00000_20250716.csv,230,1.0,-62,0.3333333333333333,0.3333333333333333,1.0
25/07/16,11:53:32,39,12944,0.071,284,2025-07-16 11:53:32,True,3,SA00000_20250716_W002,SA00000_20250716.csv,231,0.0,-62,0.3333333333333333,0.3333333333333333,0.0
25/07/16,11:53:33,39,13072,0.071,284,2025-07-16 11:53:33,True,3,SA00000_20250716_W002,SA00000_20250716.csv,232,0.0,-62,0.3333333333333333,0.3333333333333333,0.0
25/07/16,11:53:34,39,13000,0.071,285,2025-07-16 11:53:34,True,3,SA00000_20250716_W002,SA00000_20250716.csv,233,1.0,-63,0.3333333333333333,0.3333333333333333,1.0
25/07/16,11:53:35,39,12972,0.071,285,2025-07-16 11:53:35,True,3,SA00000_20250716_W002,SA00000_20250716.csv,234,0.0,-63,0.3333333333333333,0.3333333333333333,0.0
25/07/16,11:53:36,39,12820,0.071,285,2025-07-16 11:53:36,True,3,SA00000_20250716_W002,SA00000_20250716.csv,235,0.0,-63,0.3333333333333333,0.3333333333333333,0.0
25/07/16,11:53:37,38,12876,0.07,286,2025-07-16 11:53:37,True,3,SA00000_20250716_W002,SA00000_20250716.csv,236,1.0,-64,0.3333333333333333,0.3333333333333333,1.0
25/07/16,11:53:38,39,13044,0.07,286,2025-07-16 11:53:38,True,3,SA00000_20250716_W002,SA00000_20250716.csv,237,0.0,-64,0.3333333333333333,0.3333333333333333,0.0
25/07/16,11:53:39,39,12872,0.07,286,2025-07-16 11:53:39,True,3,SA00000_20250716_W002,SA00000_20250716.csv,238,0.0,-64,0.3333333333333333,0.3333333333333333,0.0
25/07/16,11:53:40,38,12828,0.071,287,2025-07-16 11:53:40,True,3,SA00000_20250716_W002,SA00000_20250716.csv,239,1.0,-65,0.3333333333333333,0.3333333333333333,1.0
25/07/16,11:53:41,39,12654,0.071,287,2025-07-16 11:53:41,True,3,SA00000_20250716_W002,SA00000_20250716.csv,240,0.0,-65,0.3333333333333333,0.3333333333333333,0.0
25/07/16,11:53:42,39,12914,0.071,287,2025-07-16 11:53:42,True,3,SA00000_20250716_W002,SA00000_20250716.csv,241,0.0,-65,0.3333333333333333,0.3333333333333333,0.0
25/07/16,11:53:43,39,12920,0.071,288,2025-07-16 11:53:43,True,3,SA00000_20250716_W002,SA00000_20250716.csv,242,1.0,-66,0.3333333333333333,0.3333333333333333,1.0
25/07/16,11:53:44,39,12850,0.071,288,2025-07-16 11:53:44,True,3,SA00000_20250716_W002,SA00000_20250716.csv,243,0.0,-66,0.3333333333333333,0.3333333333333333,0.0
25/07/16,11:53:45,39,12830,0.071,288,2025-07-16 11:53:45,True,3,SA00000_20250716_W002,SA00000_20250716.csv,244,0.0,-66,0.3333333333333333,0.3333333333333333,0.0
25/07/16,11:53:46,39,12976,0.071,289,2025-07-16 11:53:46,True,3,SA00000_20250716_W002,SA00000_20250716.csv,245,1.0,-67,0.3333333333333333,0.3333333333333333,1.0
25/07/16,11:53:47,39,12924,0.071,289,2025-07-16 11:53:47,True,3,SA00000_20250716_W002,SA00000_20250716.csv,246,0.0,-67,0.3333333333333333,0.3333333333333333,0.0
25/07/16,11:53:48,39,13040,0.071,289,2025-07-16 11:53:48,True,3,SA00000_20250716_W002,SA00000_20250716.csv,247,0.0,-67,0.3333333333333333,0.3333333333333333,0.0
25/07/16,11:53:49,39,13122,0.07,290,2025-07-16 11:53:49,True,3,SA00000_20250716_W002,SA00000_20250716.csv,248,1.0,-68,0.3333333333333333,0.3333333333333333,1.0
25/07/16,11:53:50,39,12900,0.071,290,2025-07-16 11:53:50,True,3,SA00000_20250716_W002,SA00000_20250716.csv,249,0.0,-68,0.3333333333333333,0.3333333333333333,0.0
25/07/16,11:53:51,39,12976,0.071,290,2025-07-16 11:53:51,True,3,SA00000_20250716_W002,SA00000_20250716.csv,250,0.0,-68,0.3333333333333333,0.3333333333333333,0.0
25/07/16,11:53:52,39,12816,0.07,291,2025-07-16 11:53:52,True,3,SA00000_20250716_W002,SA00000_20250716.csv,251,1.0,-69,0.5,0.5,1.0
25/07/16,11:53:53,39,12818,0.071,291,2025-07-16 11:53:53,True,3,SA00000_20250716_W002,SA00000_20250716.csv,252,0.0,-69,0.5,0.5,0.0
25/07/16,11:53:54,39,12942,0.07,292,2025-07-16 11:53:54,True,3,SA00000_20250716_W002,SA00000_20250716.csv,253,1.0,-70,0.3333333333333333,0.3333333333333333,1.0
25/07/16,11:53:55,39,12856,0.07,292,2025-07-16 11:53:55,True,3,SA00000_20250716_W002,SA00000_20250716.csv,254,0.0,-70,0.3333333333333333,0.3333333333333333,0.0
25/07/16,11:53:56,39,12846,0.07,292,2025-07-16 11:53:56,True,3,SA00000_20250716_W002,SA00000_20250716.csv,255,0.0,-70,0.3333333333333333,0.3333333333333333,0.0
25/07/16,11:53:57,39,13000,0.071,293,2025-07-16 11:53:57,True,3,SA00000_20250716_W002,SA00000_20250716.csv,256,1.0,-71,0.5,0.5,1.0
25/07/16,11:53:58,39,12992,0.071,293,2025-07-16 11:53:58,True,3,SA00000_20250716_W002,SA00000_20250716.csv,257,0.0,-71,0.5,0.5,0.0
25/07/16,11:53:59,39,12902,0.071,294,2025-07-16 11:53:59,True,3,SA00000_20250716_W002,SA00000_20250716.csv,258,1.0,-72,1.0,1.0,1.0
25/07/16,11:54:00,39,12952,0.069,295,2025-07-16 11:54:00,True,3,SA00000_20250716_W002,SA00000_20250716.csv,259,1.0,-73,0.5,0.5,1.0
25/07/16,11:54:01,39,12972,0.069,295,2025-07-16 11:54:01,True,3,SA00000_20250716_W002,SA00000_20250716.csv,260,0.0,-73,0.5,0.5,0.0
25/07/16,11:54:02,38,12796,0.069,296,2025-07-16 11:54:02,True,3,SA00000_20250716_W002,SA00000_20250716.csv,261,1.0,-74,0.5,0.5,1.0
25/07/16,11:54:03,39,12870,0.069,296,2025-07-16 11:54:03,True,3,SA00000_20250716_W002,SA00000_20250716.csv,262,0.0,-74,0.5,0.5,0.0
25/07/16,11:54:04,39,13020,0.069,297,2025-07-16 11:54:04,True,3,SA00000_20250716_W002,SA00000_20250716.csv,263,1.0,-75,0.5,0.5,1.0
25/07/16,11:54:05,39,13006,0.069,297,2025-07-16 11:54:05,True,3,SA00000_20250716_W002,SA00000_20250716.csv,264,0.0,-75,0.5,0.5,0.0
25/07/16,11:54:06,39,12938,0.069,298,2025-07-16 11:54:06,True,3,SA00000_20250716_W002,SA00000_20250716.csv,265,1.0,-76,0.5,0.5,1.0
25/07/16,11:54:07,38,13140,0.069,298,2025-07-16 11:54:07,True,3,SA00000_20250716_W002,SA00000_20250716.csv,266,0.0,-76,0.5,0.5,0.0
25/07/16,11:54:08,38,12962,0.069,299,2025-07-16 11:54:08,True,3,SA00000_20250716_W002,SA00000_20250716.csv,267,1.0,-77,0.5,0.5,1.0
25/07/16,11:54:09,38,12898,0.069,299,2025-07-16 11:54:09,True,3,SA00000_20250716_W002,SA00000_20250716.csv,268,0.0,-77,0.5,0.5,0.0
25/07/16,11:54:10,39,12990,0.069,300,2025-07-16 11:54:10,True,3,SA00000_20250716_W002,SA00000_20250716.csv,269,1.0,-78,0.5,0.5,1.0
25/07/16,11:54:11,38,13146,0.069,300,2025-07-16 11:54:11,True,3,SA00000_20250716_W002,SA00000_20250716.csv,270,0.0,-78,0.5,0.5,0.0
25/07/16,11:54:12,39,12876,0.069,301,2025-07-16 11:54:12,True,3,SA00000_20250716_W002,SA00000_20250716.csv,271,1.0,-79,0.3333333333333333,0.3333333333333333,1.0
25/07/16,11:54:13,38,12944,0.069,301,2025-07-16 11:54:13,True,3,SA00000_20250716_W002,SA00000_20250716.csv,272,0.0,-79,0.3333333333333333,0.3333333333333333,0.0
25/07/16,11:54:14,39,12802,0.066,301,2025-07-16 11:54:14,True,3,SA00000_20250716_W002,SA00000_20250716.csv,273,0.0,-79,0.3333333333333333,0.3333333333333333,0.0
25/07/16,11:54:15,39,12910,0.069,302,2025-07-16 11:54:15,True,3,SA00000_20250716_W002,SA00000_20250716.csv,274,1.0,-80,0.5,0.5,1.0
25/07/16,11:54:16,39,12848,0.069,302,2025-07-16 11:54:16,True,3,SA00000_20250716_W002,SA00000_20250716.csv,275,0.0,-80,0.5,0.5,0.0
25/07/16,11:54:17,38,13050,0.069,303,2025-07-16 11:54:17,True,3,SA00000_20250716_W002,SA00000_20250716.csv,276,1.0,-81,0.5,0.5,1.0
25/07/16,11:54:18,39,12928,0.067,303,2025-07-16 11:54:18,True,3,SA00000_20250716_W002,SA00000_20250716.csv,277,0.0,-81,0.5,0.5,0.0
25/07/16,11:54:19,39,12996,0.067,304,2025-07-16 11:54:19,True,3,SA00000_20250716_W002,SA00000_20250716.csv,278,1.0,-82,0.5,0.5,1.0
25/07/16,11:54:20,39,12814,0.067,304,2025-07-16 11:54:20,True,3,SA00000_20250716_W002,SA00000_20250716.csv,279,0.0,-82,0.5,0.5,0.0
25/07/16,11:54:21,39,12728,0.067,305,2025-07-16 11:54:21,True,3,SA00000_20250716_W002,SA00000_20250716.csv,280,1.0,-83,0.5,0.5,1.0
25/07/16,11:54:22,38,12876,0.067,305,2025-07-16 11:54:22,True,3,SA00000_20250716_W002,SA00000_20250716.csv,281,0.0,-83,0.5,0.5,0.0
25/07/16,11:54:23,38,13082,0.067,306,2025-07-16 11:54:23,True,3,SA00000_20250716_W002,SA00000_20250716.csv,282,1.0,-84,0.5,0.5,1.0
25/07/16,11:54:24,39,12970,0.067,306,2025-07-16 11:54:24,True,3,SA00000_20250716_W002,SA00000_20250716.csv,283,0.0,-84,0.5,0.5,0.0
25/07/16,11:54:25,38,13072,0.067,307,2025-07-16 11:54:25,True,3,SA00000_20250716_W002,SA00000_20250716.csv,284,1.0,-85,0.5,0.5,1.0
25/07/16,11:54:26,38,12904,0.069,307,2025-07-16 11:54:26,True,3,SA00000_20250716_W002,SA00000_20250716.csv,285,0.0,-85,0.5,0.5,0.0
25/07/16,11:54:27,38,12850,0.069,308,2025-07-16 11:54:27,True,3,SA00000_20250716_W002,SA00000_20250716.csv,286,1.0,-86,0.5,0.5,1.0
25/07/16,11:54:28,39,13020,0.069,308,2025-07-16 11:54:28,True,3,SA00000_20250716_W002,SA00000_20250716.csv,287,0.0,-86,0.5,0.5,0.0
25/07/16,11:54:29,38,12824,0.069,309,2025-07-16 11:54:29,True,3,SA00000_20250716_W002,SA00000_20250716.csv,288,1.0,-87,0.5,0.5,1.0
25/07/16,11:54:30,39,12866,0.069,309,2025-07-16 11:54:30,True,3,SA00000_20250716_W002,SA00000_20250716.csv,289,0.0,-87,0.5,0.5,0.0
25/07/16,11:54:31,39,13008,0.069,310,2025-07-16 11:54:31,True,3,SA00000_20250716_W002,SA00000_20250716.csv,290,1.0,-88,0.5,0.5,1.0
25/07/16,11:54:32,39,12872,0.069,310,2025-07-16 11:54:32,True,3,SA00000_20250716_W002,SA00000_20250716.csv,291,0.0,-88,0.5,0.5,0.0
25/07/16,11:54:33,38,12940,0.069,311,2025-07-16 11:54:33,True,3,SA00000_20250716_W002,SA00000_20250716.csv,292,1.0,-89,0.5,0.5,1.0
25/07/16,11:54:34,38,13006,0.069,311,2025-07-16 11:54:34,True,3,SA00000_20250716_W002,SA00000_20250716.csv,293,0.0,-89,0.5,0.5,0.0
25/07/16,11:54:35,38,12912,0.069,312,2025-07-16 11:54:35,True,3,SA00000_20250716_W002,SA00000_20250716.csv,294,1.0,-90,1.0,1.0,1.0
25/07/16,11:54:36,38,12950,0.068,313,2025-07-16 11:54:36,True,3,SA00000_20250716_W002,SA00000_20250716.csv,295,1.0,-91,0.5,0.5,1.0
25/07/16,11:54:37,38,12926,0.069,313,2025-07-16 11:54:37,True,3,SA00000_20250716_W002,SA00000_20250716.csv,296,0.0,-91,0.5,0.5,0.0
25/07/16,11:54:38,38,12910,0.069,314,2025-07-16 11:54:38,True,3,SA00000_20250716_W002,SA00000_20250716.csv,297,1.0,-92,0.5,0.5,1.0
25/07/16,11:54:39,38,12832,0.069,314,2025-07-16 11:54:39,True,3,SA00000_20250716_W002,SA00000_20250716.csv,298,0.0,-92,0.5,0.5,0.0
25/07/16,11:54:40,38,12892,0.067,315,2025-07-16 11:54:40,True,3,SA00000_20250716_W002,SA00000_20250716.csv,299,1.0,-93,1.0,1.0,1.0
25/07/16,11:54:41,38,13060,0.067,316,2025-07-16 11:54:41,True,3,SA00000_20250716_W002,SA00000_20250716.csv,300,1.0,-94,0.5,0.5,1.0
25/07/16,11:54:42,38,12906,0.067,316,2025-07-16 11:54:42,True,3,SA00000_20250716_W002,SA00000_20250716.csv,301,0.0,-94,0.5,0.5,0.0
25/07/16,11:54:43,38,12846,0.067,317,2025-07-16 11:54:43,True,3,SA00000_20250716_W002,SA00000_20250716.csv,302,1.0,-95,0.5,0.5,1.0
25/07/16,11:54:44,38,12942,0.066,317,2025-07-16 11:54:44,True,3,SA00000_20250716_W002,SA00000_20250716.csv,303,0.0,-95,0.5,0.5,0.0
25/07/16,11:54:45,38,13066,0.066,318,2025-07-16 11:54:45,True,3,SA00000_20250716_W002,SA00000_20250716.csv,304,1.0,-96,0.5,0.5,1.0
25/07/16,11:54:46,38,12780,0.067,318,2025-07-16 11:54:46,True,3,SA00000_20250716_W002,SA00000_20250716.csv,305,0.0,-96,0.5,0.5,0.0
25/07/16,11:54:47,38,12912,0.066,319,2025-07-16 11:54:47,True,3,SA00000_20250716_W002,SA00000_20250716.csv,306,1.0,-97,1.0,1.0,1.0
25/07/16,11:54:48,38,12984,0.065,320,2025-07-16 11:54:48,True,3,SA00000_20250716_W002,SA00000_20250716.csv,307,1.0,-98,0.5,0.5,1.0
25/07/16,11:54:49,38,13006,0.065,320,2025-07-16 11:54:49,True,3,SA00000_20250716_W002,SA00000_20250716.csv,308,0.0,-98,0.5,0.5,0.0
25/07/16,11:54:50,38,13002,0.065,321,2025-07-16 11:54:50,True,3,SA00000_20250716_W002,SA00000_20250716.csv,309,1.0,-99,0.5,0.5,1.0
25/07/16,11:54:51,38,12882,0.065,321,2025-07-16 11:54:51,True,3,SA00000_20250716_W002,SA00000_20250716.csv,310,0.0,-99,0.5,0.5,0.0
25/07/16,11:54:52,38,13050,0.065,322,2025-07-16 11:54:52,True,3,SA00000_20250716_W002,SA00000_20250716.csv,311,1.0,-100,0.5,0.5,1.0
25/07/16,11:54:53,38,12736,0.065,322,2025-07-16 11:54:53,True,3,SA00000_20250716_W002,SA00000_20250716.csv,312,0.0,-100,0.5,0.5,0.0
25/07/16,11:54:54,38,12836,0.065,323,2025-07-16 11:54:54,True,3,SA00000_20250716_W002,SA00000_20250716.csv,313,1.0,-101,0.5,0.5,1.0
25/07/16,11:54:55,38,12876,0.065,323,2025-07-16 11:54:55,True,3,SA00000_20250716_W002,SA00000_20250716.csv,314,0.0,-101,0.5,0.5,0.0
25/07/16,11:54:56,38,12920,0.065,324,2025-07-16 11:54:56,True,3,SA00000_20250716_W002,SA00000_20250716.csv,315,1.0,-102,0.5,0.5,1.0
25/07/16,11:54:57,38,12896,0.065,324,2025-07-16 11:54:57,True,3,SA00000_20250716_W002,SA00000_20250716.csv,316,0.0,-102,0.5,0.5,0.0
25/07/16,11:54:58,38,13000,0.065,325,2025-07-16 11:54:58,True,3,SA00000_20250716_W002,SA00000_20250716.csv,317,1.0,-103,0.5,0.5,1.0
25/07/16,11:54:59,38,13028,0.061,325,2025-07-16 11:54:59,True,3,SA00000_20250716_W002,SA00000_20250716.csv,318,0.0,-103,0.5,0.5,0.0
25/07/16,11:55:00,38,12888,0.065,326,2025-07-16 11:55:00,True,3,SA00000_20250716_W002,SA00000_20250716.csv,319,1.0,-104,0.5,0.5,1.0
25/07/16,11:55:01,38,12930,0.065,326,2025-07-16 11:55:01,True,3,SA00000_20250716_W002,SA00000_20250716.csv,320,0.0,-104,0.5,0.5,0.0
25/07/16,11:55:02,38,12952,0.065,327,2025-07-16 11:55:02,True,3,SA00000_20250716_W002,SA00000_20250716.csv,321,1.0,-105,0.5,0.5,1.0
25/07/16,11:55:03,38,12892,0.064,327,2025-07-16 11:55:03,True,3,SA00000_20250716_W002,SA00000_20250716.csv,322,0.0,-105,0.5,0.5,0.0
25/07/16,11:55:04,38,12866,0.065,328,2025-07-16 11:55:04,True,3,SA00000_20250716_W002,SA00000_20250716.csv,323,1.0,-106,0.5,0.5,1.0
25/07/16,11:55:05,38,12910,0.064,328,2025-07-16 11:55:05,True,3,SA00000_20250716_W002,SA00000_20250716.csv,324,0.0,-106,0.5,0.5,0.0
25/07/16,11:55:06,38,13034,0.065,329,2025-07-16 11:55:06,True,3,SA00000_20250716_W002,SA00000_20250716.csv,325,1.0,-107,0.5,0.5,1.0
25/07/16,11:55:07,38,12918,0.065,329,2025-07-16 11:55:07,True,3,SA00000_20250716_W002,SA00000_20250716.csv,326,0.0,-107,0.5,0.5,0.0
25/07/16,11:55:08,38,12782,0.061,330,2025-07-16 11:55:08,True,3,SA00000_20250716_W002,SA00000_20250716.csv,327,1.0,-108,1.0,1.0,1.0
25/07/16,11:55:09,38,12942,0.064,331,2025-07-16 11:55:09,True,3,SA00000_20250716_W002,SA00000_20250716.csv,328,1.0,-109,0.3333333333333333,0.3333333333333333,1.0
25/07/16,11:55:10,38,12880,0.063,331,2025-07-16 11:55:10,True,3,SA00000_20250716_W002,SA00000_20250716.csv,329,0.0,-109,0.3333333333333333,0.3333333333333333,0.0
25/07/16,11:55:11,38,12942,0.061,331,2025-07-16 11:55:11,True,3,SA00000_20250716_W002,SA00000_20250716.csv,330,0.0,-109,0.3333333333333333,0.3333333333333333,0.0
25/07/16,11:55:12,38,12906,0.063,332,2025-07-16 11:55:12,True,3,SA00000_20250716_W002,SA00000_20250716.csv,331,1.0,-110,0.5,0.5,1.0
25/07/16,11:55:13,38,12870,0.063,332,2025-07-16 11:55:13,True,3,SA00000_20250716_W002,SA00000_20250716.csv,332,0.0,-110,0.5,0.5,0.0
25/07/16,11:55:14,38,12996,0.063,333,2025-07-16 11:55:14,True,3,SA00000_20250716_W002,SA00000_20250716.csv,333,1.0,-111,0.5,0.5,1.0
25/07/16,11:55:15,38,12922,0.063,333,2025-07-16 11:55:15,True,3,SA00000_20250716_W002,SA00000_20250716.csv,334,0.0,-111,0.5,0.5,0.0
25/07/16,11:55:16,38,12952,0.063,334,2025-07-16 11:55:16,True,3,SA00000_20250716_W002,SA00000_20250716.csv,335,1.0,-112,0.5,0.5,1.0
25/07/16,11:55:17,38,12926,0.063,334,2025-07-16 11:55:17,True,3,SA00000_20250716_W002,SA00000_20250716.csv,336,0.0,-112,0.5,0.5,0.0
25/07/16,11:55:18,38,12908,0.062,335,2025-07-16 11:55:18,True,3,SA00000_20250716_W002,SA00000_20250716.csv,337,1.0,-113,1.0,1.0,1.0
25/07/16,11:55:19,38,12960,0.062,336,2025-07-16 11:55:19,True,3,SA00000_20250716_W002,SA00000_20250716.csv,338,1.0,-114,0.5,0.5,1.0
25/07/16,11:55:20,38,12920,0.062,336,2025-07-16 11:55:20,True,3,SA00000_20250716_W002,SA00000_20250716.csv,339,0.0,-114,0.5,0.5,0.0
25/07/16,11:55:21,38,13076,0.062,337,2025-07-16 11:55:21,True,3,SA00000_20250716_W002,SA00000_20250716.csv,340,1.0,-115,0.5,0.5,1.0
25/07/16,11:55:22,38,12972,0.062,337,2025-07-16 11:55:22,True,3,SA00000_20250716_W002,SA00000_20250716.csv,341,0.0,-115,0.5,0.5,0.0
25/07/16,11:55:23,38,12816,0.062,338,2025-07-16 11:55:23,True,3,SA00000_20250716_W002,SA00000_20250716.csv,342,1.0,-116,0.5,0.5,1.0
25/07/16,11:55:24,38,12886,0.062,338,2025-07-16 11:55:24,True,3,SA00000_20250716_W002,SA00000_20250716.csv,343,0.0,-116,0.5,0.5,0.0
25/07/16,11:55:25,38,12930,0.061,339,2025-07-16 11:55:25,True,3,SA00000_20250716_W002,SA00000_20250716.csv,344,1.0,-117,0.5,0.5,1.0
25/07/16,11:55:26,38,12952,0.061,339,2025-07-16 11:55:26,True,3,SA00000_20250716_W002,SA00000_20250716.csv,345,0.0,-117,0.5,0.5,0.0
25/07/16,11:55:27,38,12762,0.061,340,2025-07-16 11:55:27,True,3,SA00000_20250716_W002,SA00000_20250716.csv,346,1.0,-118,0.5,0.5,1.0
25/07/16,11:55:28,38,12962,0.061,340,2025-07-16 11:55:28,True,3,SA00000_20250716_W002,SA00000_20250716.csv,347,0.0,-118,0.5,0.5,0.0
25/07/16,11:55:29,38,12950,0.061,341,2025-07-16 11:55:29,True,3,SA00000_20250716_W002,SA00000_20250716.csv,348,1.0,-119,0.5,0.5,1.0
25/07/16,11:55:30,38,13050,0.061,341,2025-07-16 11:55:30,True,3,SA00000_20250716_W002,SA00000_20250716.csv,349,0.0,-119,0.5,0.5,0.0
25/07/16,11:55:31,38,13002,0.061,342,2025-07-16 11:55:31,True,3,SA00000_20250716_W002,SA00000_20250716.csv,350,1.0,-120,1.0,1.0,1.0
25/07/16,11:55:32,38,12880,0.061,343,2025-07-16 11:55:32,True,3,SA00000_20250716_W002,SA00000_20250716.csv,351,1.0,-121,0.5,0.5,1.0
25/07/16,11:55:33,38,12920,0.06,343,2025-07-16 11:55:33,True,3,SA00000_20250716_W002,SA00000_20250716.csv,352,0.0,-121,0.5,0.5,0.0
25/07/16,11:55:34,38,12770,0.06,344,2025-07-16 11:55:34,True,3,SA00000_20250716_W002,SA00000_20250716.csv,353,1.0,-122,1.0,1.0,1.0
25/07/16,11:55:35,38,12878,0.06,345,2025-07-16 11:55:35,True,3,SA00000_20250716_W002,SA00000_20250716.csv,354,1.0,-123,1.0,1.0,1.0
